market,nonmarket
fuel subsidies climate,comparison label climate
split incentives climate,endorsement label climate
fiscal climate,regulatory Instruments climate
financial climate,regulation climate
tariffs climate,auditing climate
grants climate,codes climate
subsidies climate,standards climate
loans climate,monitoring climate
retirement premium climate,obligation schemes climate
tax relief climate,mandatory requirements climate
taxes climate,target climate
charge climate,policy support climate
barrier removal climate,institutional creation climate
renewables climate,strategic planning climate
net metering climate,strategy climate
economic instruments climate,education climate
direct investment climate,aid climate
funds climate,information provision climate
infrastructure investments climate,performance label climate
procurement rules climate,training climate
R&D funding climate,qualification climate
tendering schemes climate,research and development climate
market-based instruments climate,research & development  climate
GHG emissions  ,R&D climate
allowances climate,demonstration climate
green certificates ,research programme climate
white certificates ,technology deployment climate
access climate,technology diffusion climate
license climate,technology development climate
fuel subsidies carbon,voluntary climate
split incentives carbon,negotiations climate
fiscal carbon,agreements climate
financial carbon,public schemes climate
tariffs carbon,commitments climate
grants carbon,comparison label carbon
subsidies carbon,endorsement label carbon
loans carbon,regulatory Instruments carbon
retirement premium carbon,regulation carbon
tax relief carbon,auditing carbon
taxes carbon,codes carbon
charge carbon,standards carbon
barrier removal carbon,monitoring carbon
renewables carbon,obligation schemes carbon
net metering carbon,mandatory requirements carbon
economic instruments carbon,target carbon
direct investment carbon,policy support carbon
funds carbon,institutional creation carbon
infrastructure investments carbon,strategic planning carbon
procurement rules carbon,strategy carbon
R&D funding carbon,education carbon
tendering schemes carbon,aid carbon
market-based instruments carbon,information provision carbon
GHG emissions  ,performance label carbon
allowances carbon,training carbon
green certificates ,qualification carbon
white certificates ,research and development carbon
access carbon,research & development  carbon
license carbon,R&D carbon
fuel subsidies co2,demonstration carbon
split incentives co2,research programme carbon
fiscal co2,technology deployment carbon
financial co2,technology diffusion carbon
tariffs co2,technology development carbon
grants co2,voluntary carbon
subsidies co2,negotiations carbon
loans co2,agreements carbon
retirement premium co2,public schemes carbon
tax relief co2,commitments carbon
taxes co2,comparison label co2
charge co2,endorsement label co2
barrier removal co2,regulatory Instruments co2
renewables co2,regulation co2
net metering co2,auditing co2
economic instruments co2,codes co2
direct investment co2,standards co2
funds co2,monitoring co2
infrastructure investments co2,obligation schemes co2
procurement rules co2,mandatory requirements co2
R&D funding co2,target co2
tendering schemes co2,policy support co2
market-based instruments co2,institutional creation co2
GHG emissions  ,strategic planning co2
allowances co2,strategy co2
green certificates ,education co2
white certificates ,aid co2
access co2,information provision co2
license co2,performance label co2
fuel subsidies emission,training co2
split incentives emission,qualification co2
fiscal emission,research and development co2
financial emission,research & development  co2
tariffs emission,R&D co2
grants emission,demonstration co2
subsidies emission,research programme co2
loans emission,technology deployment co2
retirement premium emission,technology diffusion co2
tax relief emission,technology development co2
taxes emission,voluntary co2
charge emission,negotiations co2
barrier removal emission,agreements co2
renewables emission,public schemes co2
net metering emission,commitments co2
economic instruments emission,comparison label emission
direct investment emission,endorsement label emission
funds emission,regulatory Instruments emission
infrastructure investments emission,regulation emission
procurement rules emission,auditing emission
R&D funding emission,codes emission
tendering schemes emission,standards emission
market-based instruments emission,monitoring emission
GHG emissions  ,obligation schemes emission
allowances emission,mandatory requirements emission
green certificates ,target emission
white certificates ,policy support emission
access emission,institutional creation emission
license emission,strategic planning emission
fuel subsidies emissions,strategy emission
split incentives emissions,education emission
fiscal emissions,aid emission
financial emissions,information provision emission
tariffs emissions,performance label emission
grants emissions,training emission
subsidies emissions,qualification emission
loans emissions,research and development emission
retirement premium emissions,research & development  emission
tax relief emissions,R&D emission
taxes emissions,demonstration emission
charge emissions,research programme emission
barrier removal emissions,technology deployment emission
renewables emissions,technology diffusion emission
net metering emissions,technology development emission
economic instruments emissions,voluntary emission
direct investment emissions,negotiations emission
funds emissions,agreements emission
infrastructure investments emissions,public schemes emission
procurement rules emissions,commitments emission
R&D funding emissions,comparison label emissions
tendering schemes emissions,endorsement label emissions
market-based instruments emissions,regulatory Instruments emissions
GHG emissions  ,regulation emissions
allowances emissions,auditing emissions
green certificates ,codes emissions
white certificates ,standards emissions
access emissions,monitoring emissions
license emissions,obligation schemes emissions
fuel subsidies renewable,mandatory requirements emissions
split incentives renewable,target emissions
fiscal renewable,policy support emissions
financial renewable,institutional creation emissions
tariffs renewable,strategic planning emissions
grants renewable,strategy emissions
subsidies renewable,education emissions
loans renewable,aid emissions
retirement premium renewable,information provision emissions
tax relief renewable,performance label emissions
taxes renewable,training emissions
charge renewable,qualification emissions
barrier removal renewable,research and development emissions
renewables renewable,research & development  emissions
net metering renewable,R&D emissions
economic instruments renewable,demonstration emissions
direct investment renewable,research programme emissions
funds renewable,technology deployment emissions
infrastructure investments renewable,technology diffusion emissions
procurement rules renewable,technology development emissions
R&D funding renewable,voluntary emissions
tendering schemes renewable,negotiations emissions
market-based instruments renewable,agreements emissions
GHG emissions  ,public schemes emissions
allowances renewable,commitments emissions
green certificates ,comparison label renewable
white certificates ,endorsement label renewable
access renewable,regulatory Instruments renewable
license renewable,regulation renewable
fuel subsidies renewables,auditing renewable
split incentives renewables,codes renewable
fiscal renewables,standards renewable
financial renewables,monitoring renewable
tariffs renewables,obligation schemes renewable
grants renewables,mandatory requirements renewable
subsidies renewables,target renewable
loans renewables,policy support renewable
retirement premium renewables,institutional creation renewable
tax relief renewables,strategic planning renewable
taxes renewables,strategy renewable
charge renewables,education renewable
barrier removal renewables,aid renewable
renewabless renewables,information provision renewable
net metering renewables,performance label renewable
economic instruments renewables,training renewable
direct investment renewables,qualification renewable
funds renewables,research and development renewable
infrastructure investments renewables,research & development  renewable
procurement rules renewables,R&D renewable
R&D funding renewables,demonstration renewable
tendering schemes renewables,research programme renewable
market-based instruments renewables,technology deployment renewable
GHG emissions  ,technology diffusion renewable
allowances renewables,technology development renewable
green certificates ,voluntary renewable
white certificates ,negotiations renewable
access renewables,agreements renewable
license renewables,public schemes renewable
fuel subsidies green,commitments renewable
split incentives green,comparison label renewables
fiscal green,endorsement label renewables
financial green,regulatory Instruments renewables
tariffs green,regulation renewables
grants green,auditing renewables
subsidies green,codes renewables
loans green,standards renewables
retirement premium green,monitoring renewables
tax relief green,obligation schemes renewables
taxes green,mandatory requirements renewables
charge green,target renewables
barrier removal green,policy support renewables
renewables green,institutional creation renewables
net metering green,strategic planning renewables
economic instruments green,strategy renewables
direct investment green,education renewables
funds green,aid renewables
infrastructure investments green,information provision renewables
procurement rules green,performance label renewables
R&D funding green,training renewables
tendering schemes green,qualification renewables
market-based instruments green,research and development renewables
GHG emissions  ,research & development  renewables
allowances green,R&D renewables
green certificates ,demonstration renewables
white certificates ,research programme renewables
access green,technology deployment renewables
license green,technology diffusion renewables
fuel subsidies energy,technology development renewables
split incentives energy,voluntary renewables
fiscal energy,negotiations renewables
financial energy,agreements renewables
tariffs energy,public schemes renewables
grants energy,commitments renewables
subsidies energy,comparison label green
loans energy,endorsement label green
retirement premium energy,regulatory Instruments green
tax relief energy,regulation green
taxes energy,auditing green
charge energy,codes green
barrier removal energy,standards green
renewables energy,monitoring green
net metering energy,obligation schemes green
economic instruments energy,mandatory requirements green
direct investment energy,target green
funds energy,policy support green
infrastructure investments energy,institutional creation green
procurement rules energy,strategic planning green
R&D funding energy,strategy green
tendering schemes energy,education green
market-based instruments energy,aid green
GHG emissions  ,information provision green
allowances energy,performance label green
energy certificates ,training green
white certificates ,qualification green
access energy,research and development green
license energy,research & development  green
fuel subsidies greenhouse gas,R&D green
split incentives greenhouse gas,demonstration green
fiscal greenhouse gas,research programme green
financial greenhouse gas,technology deployment green
tariffs greenhouse gas,technology diffusion green
grants greenhouse gas,technology development green
subsidies greenhouse gas,voluntary green
loans greenhouse gas,negotiations green
retirement premium greenhouse gas,agreements green
tax relief greenhouse gas,public schemes green
taxes greenhouse gas,commitments green
charge greenhouse gas,comparison label energy
barrier removal greenhouse gas,endorsement label energy
renewables greenhouse gas,regulatory Instruments energy
net metering greenhouse gas,regulation energy
economic instruments greenhouse gas,auditing energy
direct investment greenhouse gas,codes energy
funds greenhouse gas,standards energy
infrastructure investments greenhouse gas,monitoring energy
procurement rules greenhouse gas,obligation schemes energy
R&D funding greenhouse gas,mandatory requirements energy
tendering schemes greenhouse gas,target energy
market-based instruments greenhouse gas,policy support energy
GHG emissions  ,institutional creation energy
allowances greenhouse gas,strategic planning energy
greenhouse gas certificates ,strategy energy
white certificates ,education energy
access greenhouse gas,aid energy
license greenhouse gas,information provision energy
fuel subsidies GHG,performance label energy
split incentives GHG,training energy
fiscal GHG,qualification energy
financial GHG,research and development energy
tariffs GHG,research & development  energy
grants GHG,R&D energy
subsidies GHG,demonstration energy
loans GHG,research programme energy
retirement premium GHG,technology deployment energy
tax relief GHG,technology diffusion energy
taxes GHG,technology development energy
charge GHG,voluntary energy
barrier removal GHG,negotiations energy
renewables GHG,agreements energy
net metering GHG,public schemes energy
economic instruments GHG,commitments energy
direct investment GHG,comparison label greenhouse gas
funds GHG,endorsement label greenhouse gas
infrastructure investments GHG,regulatory Instruments greenhouse gas
procurement rules GHG,regulation greenhouse gas
R&D funding GHG,auditing greenhouse gas
tendering schemes GHG,codes greenhouse gas
market-based instruments GHG,standards greenhouse gas
GHG emissions  ,monitoring greenhouse gas
allowances GHG,obligation schemes greenhouse gas
GHG certificates ,mandatory requirements greenhouse gas
white certificates ,target greenhouse gas
access GHG,policy support greenhouse gas
license GHG,institutional creation greenhouse gas
,strategic planning greenhouse gas
,strategy greenhouse gas
,education greenhouse gas
,aid greenhouse gas
,information provision greenhouse gas
,performance label greenhouse gas
,training greenhouse gas
,qualification greenhouse gas
,research and development greenhouse gas
,research & development  greenhouse gas
,R&D greenhouse gas
,demonstration greenhouse gas
,research programme greenhouse gas
,technology deployment greenhouse gas
,technology diffusion greenhouse gas
,technology development greenhouse gas
,voluntary greenhouse gas
,negotiations greenhouse gas
,agreements greenhouse gas
,public schemes greenhouse gas
,commitments greenhouse gas
,comparison label GHG
,endorsement label GHG
,regulatory Instruments GHG
,regulation GHG
,auditing GHG
,codes GHG
,standards GHG
,monitoring GHG
,obligation schemes GHG
,mandatory requirements GHG
,target GHG
,policy support GHG
,institutional creation GHG
,strategic planning GHG
,strategy GHG
,education GHG
,aid GHG
,information provision GHG
,performance label GHG
,training GHG
,qualification GHG
,research and development GHG
,research & development  GHG
,R&D GHG
,demonstration GHG
,research programme GHG
,technology deployment GHG
,technology diffusion GHG
,technology development GHG
,voluntary GHG
,negotiations GHG
,agreements GHG
,public schemes GHG
,commitments GHG
